{
  "Age": 0.01366386603615567,
  "DailyRate": 0.0033446398174181327,
  "DistanceFromHome": 0.002222161743697259,
  "Education": 0.002314452407449719,
  "EmployeeCount": 0.0,
  "EmployeeNumber": 0.002668470330515404,
  "EnvironmentSatisfaction": 0.01696615382236111,
  "HourlyRate": 0.001246761329702281,
  "JobInvolvement": 0.01934499875391696,
  "JobLevel": 0.03279433735358187,
  "JobSatisfaction": 0.03643168974981872,
  "MonthlyIncome": 0.01537790984399048,
  "MonthlyRate": 0.002688675061698648,
  "NumCompaniesWorked": 0.0008869994125707248,
  "PercentSalaryHike": 0.0010107059109254917,
  "PerformanceRating": 0.0005625066666429643,
  "RelationshipSatisfaction": 0.008963411683045599,
  "StandardHours": 0.0,
  "StockOptionLevel": 0.03801351956196421,
  "TotalWorkingYears": 0.013717872095946005,
  "TrainingTimesLastYear": 0.0024676269713125405,
  "WorkLifeBalance": 0.0030216619395189727,
  "YearsAtCompany": 0.019020178561565317,
  "YearsInCurrentRole": 0.009438525045495342,
  "YearsSinceLastPromotion": 0.0016666327759835107,
  "YearsWithCurrManager": 0.017299693769766224,
  "BusinessTravel_Non-Travel": 0.004248014428070061,
  "BusinessTravel_Travel_Frequently": 0.052710216322665523,
  "BusinessTravel_Travel_Rarely": 0.015491167742781737,
  "Department_Human Resources": 0.000983445281407607,
  "Department_Research & Development": 0.03679529974284296,
  "Department_Sales": 0.03660341508913679,
  "EducationField_Human Resources": 0.0004326419752899936,
  "EducationField_Life Sciences": 0.016119072894634875,
  "EducationField_Marketing": 0.0027067726221984925,
  "EducationField_Medical": 0.02018170075883105,
  "EducationField_Other": 0.0003051059177683443,
  "EducationField_Technical Degree": 0.007101532097868444,
  "Gender_Female": 0.015484933532674447,
  "Gender_Male": 0.01574796118810939,
  "JobRole_Healthcare Representative": 0.0033879218683263252,
  "JobRole_Human Resources": 0.001176055313665318,
  "JobRole_Laboratory Technician": 0.01607698935634528,
  "JobRole_Manager": 0.0010065033970857633,
  "JobRole_Manufacturing Director": 0.003923656262318604,
  "JobRole_Research Director": 0.0004310167414631273,
  "JobRole_Research Scientist": 0.0037271169753525417,
  "JobRole_Sales Executive": 0.011357425196103318,
  "JobRole_Sales Representative": 0.009049172035627103,
  "MaritalStatus_Divorced": 0.01793558710418905,
  "MaritalStatus_Married": 0.037874706743315306,
  "MaritalStatus_Single": 0.09520810771512161,
  "Over18_Y": 0.0,
  "OverTime_No": 0.15253998090275986,
  "OverTime_Yes": 0.156261030149004
}
